{
  "namespace": "com.relation",
  "definitions": {
    "Country": {
      "kind": "type",
      "@Common.Label": "{i18n>Country}",
      "@cds.persistence.name": "COUNTRY",
      "@description": "{i18n>CountryCode.Description}",
      "type": "cds.Association",
      "target": "sap.common.Countries",
      "keys": [
        {
          "ref": [
            "code"
          ]
        }
      ]
    },
    "Currency": {
      "kind": "type",
      "@Common.Label": "{i18n>Currency}",
      "@cds.persistence.name": "CURRENCY",
      "@description": "{i18n>CurrencyCode.Description}",
      "type": "cds.Association",
      "target": "sap.common.Currencies",
      "keys": [
        {
          "ref": [
            "code"
          ]
        }
      ]
    },
    "Language": {
      "kind": "type",
      "@Common.Label": "{i18n>Language}",
      "@cds.persistence.name": "LANGUAGE",
      "@description": "{i18n>LanguageCode.Description}",
      "type": "cds.Association",
      "target": "sap.common.Languages",
      "keys": [
        {
          "ref": [
            "code"
          ]
        }
      ]
    },
    "RelationService": {
      "kind": "service"
    },
    "RelationService.CompanyEntity": {
      "kind": "entity",
      "@cds.persistence.name": "RELATIONSERVICE_COMPANYENTITY",
      "query": {
        "SELECT": {
          "from": {
            "ref": [
              "com.relation.CompanyEntity"
            ]
          }
        }
      },
      "elements": {
        "companyId": {
          "@cds.persistence.name": "COMPANYID",
          "key": true,
          "type": "cds.Integer"
        },
        "companyName": {
          "@cds.persistence.name": "COMPANYNAME",
          "type": "cds.String"
        },
        "linkToContact": {
          "@cds.persistence.name": "LINKTOCONTACT",
          "type": "cds.Association",
          "target": "RelationService.ContactEntity",
          "keys": [
            {
              "ref": [
                "contactId"
              ],
              "$generatedFieldName": "linkToContact_contactId"
            }
          ]
        },
        "linkToContact_contactId": {
          "@cds.persistence.name": "LINKTOCONTACT_CONTACTID",
          "@odata.foreignKey4": "linkToContact",
          "type": "cds.String"
        }
      },
      "$syntax": "projection"
    },
    "RelationService.ContactEntity": {
      "kind": "entity",
      "@cds.persistence.name": "RELATIONSERVICE_CONTACTENTITY",
      "query": {
        "SELECT": {
          "from": {
            "ref": [
              "com.relation.ContactEntity"
            ]
          }
        }
      },
      "elements": {
        "contactId": {
          "@cds.persistence.name": "CONTACTID",
          "key": true,
          "type": "cds.String"
        },
        "contactName": {
          "@cds.persistence.name": "CONTACTNAME",
          "type": "cds.String"
        },
        "contactPhone": {
          "@cds.persistence.name": "CONTACTPHONE",
          "type": "cds.Integer"
        }
      },
      "$syntax": "projection"
    },
    "User": {
      "kind": "type",
      "@Common.Label": "{i18n>UserID}",
      "@cds.persistence.name": "USER",
      "@description": "{i18n>UserID.Description}",
      "type": "cds.String",
      "length": 255
    },
    "com.relation.CompanyEntity": {
      "kind": "entity",
      "@cds.persistence.name": "COM_RELATION_COMPANYENTITY",
      "elements": {
        "companyId": {
          "@cds.persistence.name": "COMPANYID",
          "key": true,
          "type": "cds.Integer"
        },
        "companyName": {
          "@cds.persistence.name": "COMPANYNAME",
          "type": "cds.String"
        },
        "linkToContact": {
          "@cds.persistence.name": "LINKTOCONTACT",
          "type": "cds.Association",
          "target": "com.relation.ContactEntity",
          "keys": [
            {
              "ref": [
                "contactId"
              ],
              "$generatedFieldName": "linkToContact_contactId"
            }
          ]
        },
        "linkToContact_contactId": {
          "@cds.persistence.name": "LINKTOCONTACT_CONTACTID",
          "@odata.foreignKey4": "linkToContact",
          "type": "cds.String"
        }
      }
    },
    "com.relation.ContactEntity": {
      "kind": "entity",
      "@cds.persistence.name": "COM_RELATION_CONTACTENTITY",
      "elements": {
        "contactId": {
          "@cds.persistence.name": "CONTACTID",
          "key": true,
          "type": "cds.String"
        },
        "contactName": {
          "@cds.persistence.name": "CONTACTNAME",
          "type": "cds.String"
        },
        "contactPhone": {
          "@cds.persistence.name": "CONTACTPHONE",
          "type": "cds.Integer"
        }
      }
    },
    "cuid": {
      "kind": "entity",
      "@cds.persistence.name": "CUID",
      "abstract": true,
      "elements": {
        "ID": {
          "@cds.persistence.name": "ID",
          "key": true,
          "type": "cds.UUID"
        }
      }
    },
    "localized.sap.common.Countries": {
      "kind": "entity",
      "@UI.Identification": [
        {
          "=": "name"
        }
      ],
      "@cds.autoexpose": true,
      "@cds.odata.valuelist": true,
      "@cds.persistence.name": "LOCALIZED_SAP_COMMON_COUNTRIES",
      "@cds.persistence.skip": "if-unused",
      "@odata.draft.enabled": false,
      "query": {
        "SELECT": {
          "from": {
            "ref": [
              "sap.common.Countries"
            ],
            "as": "L"
          },
          "columns": [
            "*",
            {
              "func": "coalesce",
              "args": [
                {
                  "ref": [
                    "L",
                    "localized",
                    "name"
                  ]
                },
                {
                  "ref": [
                    "L",
                    "name"
                  ]
                }
              ],
              "as": "name"
            },
            {
              "func": "coalesce",
              "args": [
                {
                  "ref": [
                    "L",
                    "localized",
                    "descr"
                  ]
                },
                {
                  "ref": [
                    "L",
                    "descr"
                  ]
                }
              ],
              "as": "descr"
            }
          ]
        }
      },
      "elements": {
        "name": {
          "@Common.Label": "{i18n>Name}",
          "@Core.Computed": true,
          "@cds.persistence.name": "NAME",
          "localized": true,
          "type": "cds.String",
          "length": 255
        },
        "descr": {
          "@Common.Label": "{i18n>Description}",
          "@Core.Computed": true,
          "@cds.persistence.name": "DESCR",
          "localized": true,
          "type": "cds.String",
          "length": 1000
        },
        "code": {
          "@Common.Label": "{i18n>CountryCode}",
          "@cds.persistence.name": "CODE",
          "key": true,
          "type": "cds.String",
          "length": 3
        },
        "texts": {
          "@cds.persistence.name": "TEXTS",
          "type": "cds.Composition",
          "cardinality": {
            "max": "*"
          },
          "target": "sap.common.Countries_texts",
          "on": [
            {
              "ref": [
                "texts",
                "code"
              ]
            },
            "=",
            {
              "ref": [
                "code"
              ]
            }
          ]
        },
        "localized": {
          "@cds.persistence.name": "LOCALIZED",
          "type": "cds.Association",
          "target": "sap.common.Countries_texts",
          "on": [
            {
              "ref": [
                "localized",
                "code"
              ]
            },
            "=",
            {
              "ref": [
                "code"
              ]
            },
            "and",
            {
              "ref": [
                "localized",
                "locale"
              ]
            },
            "=",
            {
              "ref": [
                "$user",
                "locale"
              ]
            }
          ]
        }
      }
    },
    "localized.sap.common.Currencies": {
      "kind": "entity",
      "@UI.Identification": [
        {
          "=": "name"
        }
      ],
      "@cds.autoexpose": true,
      "@cds.odata.valuelist": true,
      "@cds.persistence.name": "LOCALIZED_SAP_COMMON_CURRENCIES",
      "@cds.persistence.skip": "if-unused",
      "@odata.draft.enabled": false,
      "query": {
        "SELECT": {
          "from": {
            "ref": [
              "sap.common.Currencies"
            ],
            "as": "L"
          },
          "columns": [
            "*",
            {
              "func": "coalesce",
              "args": [
                {
                  "ref": [
                    "L",
                    "localized",
                    "name"
                  ]
                },
                {
                  "ref": [
                    "L",
                    "name"
                  ]
                }
              ],
              "as": "name"
            },
            {
              "func": "coalesce",
              "args": [
                {
                  "ref": [
                    "L",
                    "localized",
                    "descr"
                  ]
                },
                {
                  "ref": [
                    "L",
                    "descr"
                  ]
                }
              ],
              "as": "descr"
            }
          ]
        }
      },
      "elements": {
        "name": {
          "@Common.Label": "{i18n>Name}",
          "@Core.Computed": true,
          "@cds.persistence.name": "NAME",
          "localized": true,
          "type": "cds.String",
          "length": 255
        },
        "descr": {
          "@Common.Label": "{i18n>Description}",
          "@Core.Computed": true,
          "@cds.persistence.name": "DESCR",
          "localized": true,
          "type": "cds.String",
          "length": 1000
        },
        "code": {
          "@Common.Label": "{i18n>CurrencyCode}",
          "@cds.persistence.name": "CODE",
          "key": true,
          "type": "cds.String",
          "length": 3
        },
        "symbol": {
          "@Common.Label": "{i18n>CurrencySymbol}",
          "@cds.persistence.name": "SYMBOL",
          "type": "cds.String",
          "length": 2
        },
        "texts": {
          "@cds.persistence.name": "TEXTS",
          "type": "cds.Composition",
          "cardinality": {
            "max": "*"
          },
          "target": "sap.common.Currencies_texts",
          "on": [
            {
              "ref": [
                "texts",
                "code"
              ]
            },
            "=",
            {
              "ref": [
                "code"
              ]
            }
          ]
        },
        "localized": {
          "@cds.persistence.name": "LOCALIZED",
          "type": "cds.Association",
          "target": "sap.common.Currencies_texts",
          "on": [
            {
              "ref": [
                "localized",
                "code"
              ]
            },
            "=",
            {
              "ref": [
                "code"
              ]
            },
            "and",
            {
              "ref": [
                "localized",
                "locale"
              ]
            },
            "=",
            {
              "ref": [
                "$user",
                "locale"
              ]
            }
          ]
        }
      }
    },
    "localized.sap.common.Languages": {
      "kind": "entity",
      "@UI.Identification": [
        {
          "=": "name"
        }
      ],
      "@cds.autoexpose": true,
      "@cds.odata.valuelist": true,
      "@cds.persistence.name": "LOCALIZED_SAP_COMMON_LANGUAGES",
      "@cds.persistence.skip": "if-unused",
      "@odata.draft.enabled": false,
      "query": {
        "SELECT": {
          "from": {
            "ref": [
              "sap.common.Languages"
            ],
            "as": "L"
          },
          "columns": [
            "*",
            {
              "func": "coalesce",
              "args": [
                {
                  "ref": [
                    "L",
                    "localized",
                    "name"
                  ]
                },
                {
                  "ref": [
                    "L",
                    "name"
                  ]
                }
              ],
              "as": "name"
            },
            {
              "func": "coalesce",
              "args": [
                {
                  "ref": [
                    "L",
                    "localized",
                    "descr"
                  ]
                },
                {
                  "ref": [
                    "L",
                    "descr"
                  ]
                }
              ],
              "as": "descr"
            }
          ]
        }
      },
      "elements": {
        "name": {
          "@Common.Label": "{i18n>Name}",
          "@Core.Computed": true,
          "@cds.persistence.name": "NAME",
          "localized": true,
          "type": "cds.String",
          "length": 255
        },
        "descr": {
          "@Common.Label": "{i18n>Description}",
          "@Core.Computed": true,
          "@cds.persistence.name": "DESCR",
          "localized": true,
          "type": "cds.String",
          "length": 1000
        },
        "code": {
          "@Common.Label": "{i18n>LanguageCode}",
          "@cds.persistence.name": "CODE",
          "key": true,
          "type": "cds.String",
          "length": 5
        },
        "texts": {
          "@cds.persistence.name": "TEXTS",
          "type": "cds.Composition",
          "cardinality": {
            "max": "*"
          },
          "target": "sap.common.Languages_texts",
          "on": [
            {
              "ref": [
                "texts",
                "code"
              ]
            },
            "=",
            {
              "ref": [
                "code"
              ]
            }
          ]
        },
        "localized": {
          "@cds.persistence.name": "LOCALIZED",
          "type": "cds.Association",
          "target": "sap.common.Languages_texts",
          "on": [
            {
              "ref": [
                "localized",
                "code"
              ]
            },
            "=",
            {
              "ref": [
                "code"
              ]
            },
            "and",
            {
              "ref": [
                "localized",
                "locale"
              ]
            },
            "=",
            {
              "ref": [
                "$user",
                "locale"
              ]
            }
          ]
        }
      }
    },
    "managed": {
      "kind": "type",
      "@cds.persistence.name": "MANAGED",
      "elements": {
        "modifiedAt": {
          "@Common.Label": "{i18n>ChangedAt}",
          "@Core.Computed": true,
          "@Core.Immutable": true,
          "@UI.HiddenFilter": true,
          "@cds.on.update": {
            "=": "$now"
          },
          "@cds.persistence.name": "MODIFIEDAT",
          "@odata.etag": true,
          "@odata.on.update": {
            "#": "now"
          },
          "type": "cds.DateTime"
        },
        "createdAt": {
          "@Common.Label": "{i18n>CreatedAt}",
          "@Core.Computed": true,
          "@Core.Immutable": true,
          "@UI.HiddenFilter": true,
          "@cds.on.insert": {
            "=": "$now"
          },
          "@cds.persistence.name": "CREATEDAT",
          "@odata.on.insert": {
            "#": "now"
          },
          "type": "cds.DateTime"
        },
        "createdBy": {
          "@Common.Label": "{i18n>CreatedBy}",
          "@Core.Computed": true,
          "@Core.Immutable": true,
          "@UI.HiddenFilter": true,
          "@cds.on.insert": {
            "=": "$user"
          },
          "@cds.persistence.name": "CREATEDBY",
          "@description": "{i18n>UserID.Description}",
          "@odata.on.insert": {
            "#": "user"
          },
          "type": "cds.String",
          "length": 255
        },
        "modifiedBy": {
          "@Common.Label": "{i18n>ChangedBy}",
          "@Core.Computed": true,
          "@Core.Immutable": true,
          "@UI.HiddenFilter": true,
          "@cds.on.update": {
            "=": "$user"
          },
          "@cds.persistence.name": "MODIFIEDBY",
          "@description": "{i18n>UserID.Description}",
          "@odata.on.update": {
            "#": "user"
          },
          "type": "cds.String",
          "length": 255
        }
      }
    },
    "sap.common": {
      "kind": "context"
    },
    "sap.common.CodeList": {
      "kind": "type",
      "@UI.Identification": [
        {
          "=": "name"
        }
      ],
      "@cds.autoexpose": true,
      "@cds.odata.valuelist": true,
      "@cds.persistence.name": "SAP_COMMON_CODELIST",
      "@cds.persistence.skip": "if-unused",
      "elements": {
        "name": {
          "@Common.Label": "{i18n>Name}",
          "@cds.persistence.name": "NAME",
          "localized": true,
          "type": "cds.String",
          "length": 255
        },
        "descr": {
          "@Common.Label": "{i18n>Description}",
          "@cds.persistence.name": "DESCR",
          "localized": true,
          "type": "cds.String",
          "length": 1000
        }
      }
    },
    "sap.common.Countries": {
      "kind": "entity",
      "@UI.Identification": [
        {
          "=": "name"
        }
      ],
      "@cds.autoexpose": true,
      "@cds.odata.valuelist": true,
      "@cds.persistence.name": "SAP_COMMON_COUNTRIES",
      "@cds.persistence.skip": "if-unused",
      "includes": [
        "sap.common.CodeList"
      ],
      "elements": {
        "name": {
          "@Common.Label": "{i18n>Name}",
          "@cds.persistence.name": "NAME",
          "localized": true,
          "type": "cds.String",
          "length": 255
        },
        "descr": {
          "@Common.Label": "{i18n>Description}",
          "@cds.persistence.name": "DESCR",
          "localized": true,
          "type": "cds.String",
          "length": 1000
        },
        "code": {
          "@Common.Label": "{i18n>CountryCode}",
          "@cds.persistence.name": "CODE",
          "key": true,
          "type": "cds.String",
          "length": 3
        },
        "texts": {
          "@cds.persistence.name": "TEXTS",
          "type": "cds.Composition",
          "cardinality": {
            "max": "*"
          },
          "target": "sap.common.Countries_texts",
          "on": [
            {
              "ref": [
                "texts",
                "code"
              ]
            },
            "=",
            {
              "ref": [
                "code"
              ]
            }
          ]
        },
        "localized": {
          "@cds.persistence.name": "LOCALIZED",
          "type": "cds.Association",
          "target": "sap.common.Countries_texts",
          "on": [
            {
              "ref": [
                "localized",
                "code"
              ]
            },
            "=",
            {
              "ref": [
                "code"
              ]
            },
            "and",
            {
              "ref": [
                "localized",
                "locale"
              ]
            },
            "=",
            {
              "ref": [
                "$user",
                "locale"
              ]
            }
          ]
        }
      }
    },
    "sap.common.Countries_texts": {
      "kind": "entity",
      "@cds.autoexpose": true,
      "@cds.persistence.name": "SAP_COMMON_COUNTRIES_TEXTS",
      "@odata.draft.enabled": false,
      "elements": {
        "locale": {
          "@cds.persistence.name": "LOCALE",
          "key": true,
          "type": "cds.String",
          "length": 5
        },
        "name": {
          "@Common.Label": "{i18n>Name}",
          "@cds.persistence.name": "NAME",
          "localized": false,
          "type": "cds.String",
          "length": 255
        },
        "descr": {
          "@Common.Label": "{i18n>Description}",
          "@cds.persistence.name": "DESCR",
          "localized": false,
          "type": "cds.String",
          "length": 1000
        },
        "code": {
          "@Common.Label": "{i18n>CountryCode}",
          "@cds.persistence.name": "CODE",
          "key": true,
          "type": "cds.String",
          "length": 3
        }
      }
    },
    "sap.common.Currencies": {
      "kind": "entity",
      "@UI.Identification": [
        {
          "=": "name"
        }
      ],
      "@cds.autoexpose": true,
      "@cds.odata.valuelist": true,
      "@cds.persistence.name": "SAP_COMMON_CURRENCIES",
      "@cds.persistence.skip": "if-unused",
      "includes": [
        "sap.common.CodeList"
      ],
      "elements": {
        "name": {
          "@Common.Label": "{i18n>Name}",
          "@cds.persistence.name": "NAME",
          "localized": true,
          "type": "cds.String",
          "length": 255
        },
        "descr": {
          "@Common.Label": "{i18n>Description}",
          "@cds.persistence.name": "DESCR",
          "localized": true,
          "type": "cds.String",
          "length": 1000
        },
        "code": {
          "@Common.Label": "{i18n>CurrencyCode}",
          "@cds.persistence.name": "CODE",
          "key": true,
          "type": "cds.String",
          "length": 3
        },
        "symbol": {
          "@Common.Label": "{i18n>CurrencySymbol}",
          "@cds.persistence.name": "SYMBOL",
          "type": "cds.String",
          "length": 2
        },
        "texts": {
          "@cds.persistence.name": "TEXTS",
          "type": "cds.Composition",
          "cardinality": {
            "max": "*"
          },
          "target": "sap.common.Currencies_texts",
          "on": [
            {
              "ref": [
                "texts",
                "code"
              ]
            },
            "=",
            {
              "ref": [
                "code"
              ]
            }
          ]
        },
        "localized": {
          "@cds.persistence.name": "LOCALIZED",
          "type": "cds.Association",
          "target": "sap.common.Currencies_texts",
          "on": [
            {
              "ref": [
                "localized",
                "code"
              ]
            },
            "=",
            {
              "ref": [
                "code"
              ]
            },
            "and",
            {
              "ref": [
                "localized",
                "locale"
              ]
            },
            "=",
            {
              "ref": [
                "$user",
                "locale"
              ]
            }
          ]
        }
      }
    },
    "sap.common.Currencies_texts": {
      "kind": "entity",
      "@cds.autoexpose": true,
      "@cds.persistence.name": "SAP_COMMON_CURRENCIES_TEXTS",
      "@odata.draft.enabled": false,
      "elements": {
        "locale": {
          "@cds.persistence.name": "LOCALE",
          "key": true,
          "type": "cds.String",
          "length": 5
        },
        "name": {
          "@Common.Label": "{i18n>Name}",
          "@cds.persistence.name": "NAME",
          "localized": false,
          "type": "cds.String",
          "length": 255
        },
        "descr": {
          "@Common.Label": "{i18n>Description}",
          "@cds.persistence.name": "DESCR",
          "localized": false,
          "type": "cds.String",
          "length": 1000
        },
        "code": {
          "@Common.Label": "{i18n>CurrencyCode}",
          "@cds.persistence.name": "CODE",
          "key": true,
          "type": "cds.String",
          "length": 3
        }
      }
    },
    "sap.common.Languages": {
      "kind": "entity",
      "@UI.Identification": [
        {
          "=": "name"
        }
      ],
      "@cds.autoexpose": true,
      "@cds.odata.valuelist": true,
      "@cds.persistence.name": "SAP_COMMON_LANGUAGES",
      "@cds.persistence.skip": "if-unused",
      "includes": [
        "sap.common.CodeList"
      ],
      "elements": {
        "name": {
          "@Common.Label": "{i18n>Name}",
          "@cds.persistence.name": "NAME",
          "localized": true,
          "type": "cds.String",
          "length": 255
        },
        "descr": {
          "@Common.Label": "{i18n>Description}",
          "@cds.persistence.name": "DESCR",
          "localized": true,
          "type": "cds.String",
          "length": 1000
        },
        "code": {
          "@Common.Label": "{i18n>LanguageCode}",
          "@cds.persistence.name": "CODE",
          "key": true,
          "type": "cds.String",
          "length": 5
        },
        "texts": {
          "@cds.persistence.name": "TEXTS",
          "type": "cds.Composition",
          "cardinality": {
            "max": "*"
          },
          "target": "sap.common.Languages_texts",
          "on": [
            {
              "ref": [
                "texts",
                "code"
              ]
            },
            "=",
            {
              "ref": [
                "code"
              ]
            }
          ]
        },
        "localized": {
          "@cds.persistence.name": "LOCALIZED",
          "type": "cds.Association",
          "target": "sap.common.Languages_texts",
          "on": [
            {
              "ref": [
                "localized",
                "code"
              ]
            },
            "=",
            {
              "ref": [
                "code"
              ]
            },
            "and",
            {
              "ref": [
                "localized",
                "locale"
              ]
            },
            "=",
            {
              "ref": [
                "$user",
                "locale"
              ]
            }
          ]
        }
      }
    },
    "sap.common.Languages_texts": {
      "kind": "entity",
      "@cds.autoexpose": true,
      "@cds.persistence.name": "SAP_COMMON_LANGUAGES_TEXTS",
      "@odata.draft.enabled": false,
      "elements": {
        "locale": {
          "@cds.persistence.name": "LOCALE",
          "key": true,
          "type": "cds.String",
          "length": 5
        },
        "name": {
          "@Common.Label": "{i18n>Name}",
          "@cds.persistence.name": "NAME",
          "localized": false,
          "type": "cds.String",
          "length": 255
        },
        "descr": {
          "@Common.Label": "{i18n>Description}",
          "@cds.persistence.name": "DESCR",
          "localized": false,
          "type": "cds.String",
          "length": 1000
        },
        "code": {
          "@Common.Label": "{i18n>LanguageCode}",
          "@cds.persistence.name": "CODE",
          "key": true,
          "type": "cds.String",
          "length": 5
        }
      }
    },
    "temporal": {
      "kind": "type",
      "@cds.persistence.name": "TEMPORAL",
      "elements": {
        "validFrom": {
          "@cds.persistence.name": "VALIDFROM",
          "@cds.valid.from": true,
          "type": "cds.DateTime"
        },
        "validTo": {
          "@cds.persistence.name": "VALIDTO",
          "@cds.valid.to": true,
          "type": "cds.DateTime"
        }
      }
    }
  },
  "version": {
    "csn": "1.0"
  },
  "meta": {
    "creator": "CDS Compiler v1.17.2"
  },
  "$version": "1.0",
  "@sql_mapping": "plain"
}